model,roc_auc,pr_auc,accuracy,precision,recall,f1,lift_at_top_10_percent
logistic_regression,0.847150533467669,0.6537451662824032,0.7444996451383961,0.511864406779661,0.8074866310160428,0.6265560165975104,2.8524446142093196
xgboost,0.8457154666873337,0.6543668015654579,0.8041163946061036,0.6580645161290323,0.5454545454545454,0.5964912280701754,2.8255347593582885
